"taxon_id","total","01","02","03","04","05","06","07","08","09","10","11","12"
104876,4,0,0,0,0,1,3,0,0,0,0,0,0
108343,42,0,0,3,2,1,1,4,8,11,12,0,0
113324,4,0,0,0,0,0,0,1,3,0,0,0,0
116699,6,0,0,1,1,0,1,1,1,0,0,0,1
117316,10,0,0,0,0,0,1,9,0,0,0,0,0
117317,56,0,1,3,5,8,13,8,7,3,8,0,0
117322,36,0,0,0,0,1,9,22,2,2,0,0,0
117333,56,0,0,0,0,0,5,37,14,0,0,0,0
117334,9,0,0,0,0,0,3,5,1,0,0,0,0
117335,28,0,0,0,0,0,0,13,14,1,0,0,0
117336,66,0,0,0,0,0,6,36,22,2,0,0,0
117338,1,0,0,0,0,0,1,0,0,0,0,0,0
117339,14,0,0,1,2,2,2,6,1,0,0,0,0
117345,38,0,0,2,0,10,18,8,0,0,0,0,0
117346,26,0,0,0,2,1,16,7,0,0,0,0,0
117360,127,1,4,4,12,13,29,31,16,12,1,4,0
117371,2,0,0,0,0,0,0,2,0,0,0,0,0
117372,19,0,1,0,1,8,8,0,1,0,0,0,0
117373,15,0,0,1,1,3,8,2,0,0,0,0,0
117374,36,0,0,0,1,7,6,1,9,11,1,0,0
117376,30,0,0,0,0,0,14,14,0,2,0,0,0
117381,51,0,0,0,1,2,11,14,12,9,2,0,0
118914,1046,13,3,63,153,201,155,133,117,71,71,41,25
119068,334,0,4,44,58,47,24,34,31,56,28,4,4
119150,4,0,0,0,0,0,1,3,0,0,0,0,0
119280,3,0,0,0,0,0,0,2,1,0,0,0,0
121993,268,11,14,27,15,27,23,20,33,28,44,11,15
122013,17,1,0,0,3,7,1,0,2,2,1,0,0
122172,1123,21,7,15,38,67,99,125,157,180,246,134,34
122280,155,0,4,7,6,23,25,21,19,16,18,13,3
122281,962,8,18,58,78,100,104,96,197,202,87,12,2
122363,26,0,0,4,1,6,6,1,4,0,4,0,0
122364,10,0,0,0,0,4,4,2,0,0,0,0,0
122365,9,0,0,0,0,3,4,2,0,0,0,0,0
122371,45,0,3,16,10,6,10,0,0,0,0,0,0
122372,38,0,0,0,0,2,12,2,14,7,1,0,0
122374,162,6,0,2,10,22,16,22,26,16,22,11,9
122375,207,0,0,0,3,44,146,14,0,0,0,0,0
122377,98,4,6,6,7,7,9,13,10,4,11,15,6
122379,16,0,0,0,10,4,1,1,0,0,0,0,0
122381,2610,8,10,46,219,310,333,463,502,529,152,24,14
122382,79,2,1,3,6,21,28,13,2,3,0,0,0
122383,150,0,0,0,3,4,42,48,34,17,1,1,0
122384,28,0,0,0,0,0,2,15,10,1,0,0,0
122385,6,0,0,0,0,0,4,2,0,0,0,0,0
123312,74,7,0,5,7,8,7,4,6,9,6,10,5
125537,154,8,12,23,16,13,14,7,12,21,15,6,7
126118,53,0,0,2,4,13,34,0,0,0,0,0,0
126162,46,0,0,0,0,6,34,5,0,0,0,1,0
126589,513,10,42,88,49,57,42,35,14,22,100,45,9
126606,47,4,1,3,2,3,4,6,9,5,5,3,2
127302,9,0,0,0,2,7,0,0,0,0,0,0,0
127303,148,0,26,43,53,24,2,0,0,0,0,0,0
127304,99,0,0,7,18,10,10,10,24,15,4,0,1
127490,136,0,4,6,18,11,5,8,28,39,16,0,1
127928,204,1,0,1,7,18,36,80,49,10,0,1,1
127929,112,0,0,0,12,20,24,37,14,5,0,0,0
128083,26,0,0,4,4,2,3,0,3,6,1,2,1
128085,10,0,0,0,0,5,0,1,4,0,0,0,0
129362,699,22,25,20,55,31,22,38,55,86,162,150,33
129363,247,5,7,13,27,18,19,23,27,32,41,34,1
129365,55,0,0,1,0,2,2,8,34,8,0,0,0
129415,168,0,0,9,20,21,14,17,34,31,16,5,1
130219,31,0,5,4,5,4,3,5,3,1,0,1,0
130294,4,0,1,2,1,0,0,0,0,0,0,0,0
130300,107,4,6,7,10,15,7,11,12,11,10,10,4
130321,7,0,0,0,1,0,1,1,2,0,1,1,0
130474,137,9,8,7,8,10,11,7,13,13,25,20,6
130659,23,0,0,2,2,2,1,0,2,2,5,5,2
130660,19,4,1,1,1,0,1,1,1,2,4,1,2
130661,336,33,17,10,7,15,16,25,23,30,60,49,51
130662,5,1,1,1,0,0,1,0,0,0,0,0,1
130666,1,0,0,0,0,0,0,0,0,0,0,1,0
130785,48,0,0,0,0,4,10,30,4,0,0,0,0
132077,69,0,2,4,4,13,1,12,26,6,1,0,0
132125,7,1,1,0,0,0,0,0,1,0,0,2,2
132201,5,0,1,1,0,1,1,0,0,1,0,0,0
132331,21,2,2,0,2,1,0,1,2,6,3,2,0
132334,242,12,10,23,14,17,26,19,15,13,26,45,22
132536,14,1,3,1,1,1,1,0,1,0,3,1,1
132553,358,17,17,29,32,19,21,19,11,14,63,87,29
133416,183,16,12,17,9,11,4,17,20,17,29,22,9
133417,129,7,3,2,2,7,11,13,16,19,30,6,13
133450,108,6,4,9,11,11,13,9,14,6,5,12,8
133631,911,0,0,0,0,37,148,221,369,122,13,1,0
142636,22,0,1,0,0,8,1,3,3,2,3,1,0
142639,72,0,0,0,0,0,14,56,2,0,0,0,0
142775,12,0,0,0,0,0,0,6,5,1,0,0,0
142988,1243,9,8,26,68,50,51,105,155,265,415,72,19
143021,58,3,2,7,2,1,4,7,7,9,5,5,6
143146,15,0,0,0,2,1,1,9,1,1,0,0,0
143664,49,0,0,0,3,4,4,7,26,5,0,0,0
143767,21,0,0,0,0,0,2,17,2,0,0,0,0
144187,382,16,14,11,3,11,13,18,36,25,132,83,20
144271,13,0,0,0,0,2,10,1,0,0,0,0,0
145586,46,1,0,2,2,5,6,2,5,15,2,5,1
146611,5,0,0,0,1,3,0,0,1,0,0,0,0
146728,116,1,3,7,17,10,7,10,17,8,19,11,6
146736,105,6,3,3,0,0,5,11,14,9,30,19,5
146840,30,0,1,1,2,5,7,1,2,2,5,3,1
147931,368,5,2,0,0,0,3,13,39,80,161,55,10
148356,27,1,0,0,2,6,2,1,6,5,4,0,0
148463,41,4,2,1,4,4,2,6,5,0,6,4,3
148464,40,2,0,2,4,1,3,5,7,6,5,4,1
148465,33,0,0,5,10,3,4,8,1,1,0,1,0
148466,96,1,0,6,18,21,29,13,4,3,1,0,0
148468,4,0,0,0,1,2,0,0,0,0,0,0,1
148470,34,2,0,3,3,1,3,2,6,0,5,6,3
148475,127,8,11,14,2,11,9,8,15,6,22,11,10
148487,11,1,1,0,0,0,0,0,2,1,5,1,0
148488,11,2,0,2,0,0,0,0,1,0,5,0,1
148489,64,3,1,7,9,8,1,7,13,9,3,1,2
148491,4,0,1,0,1,1,1,0,0,0,0,0,0
148493,11,0,0,0,2,0,2,2,1,2,0,1,1
148494,3,0,0,0,0,0,0,0,1,0,0,1,1
148495,20,1,0,3,1,1,3,3,0,1,0,4,3
148496,40,3,2,11,0,3,2,3,3,4,0,5,4
148497,40,6,7,2,3,2,8,5,0,3,3,1,0
148508,95,10,8,6,10,3,5,10,12,6,7,6,12
148516,95,3,4,11,8,7,7,6,16,8,8,14,3
148517,289,16,10,8,7,10,12,22,19,22,70,70,23
148518,51,1,1,3,1,0,2,8,9,9,16,0,1
148519,69,1,1,4,6,5,9,3,4,16,10,9,1
148520,42,0,1,1,0,6,2,5,8,3,11,4,1
148521,15,0,0,2,1,0,0,1,4,4,1,1,1
148522,65,0,3,7,0,6,12,3,11,5,13,5,0
148523,8,1,0,1,1,0,0,1,0,2,1,0,1
148524,182,4,7,20,9,4,10,24,24,29,30,12,9
148526,11,1,0,1,1,1,0,1,0,1,2,2,1
148527,29,2,0,4,2,0,2,3,2,7,2,3,2
148528,65,1,3,10,1,3,6,8,7,1,10,15,0
148530,7,0,0,2,0,2,0,2,1,0,0,0,0
148532,11,0,0,0,2,0,1,2,4,1,1,0,0
148534,44,6,5,3,3,0,0,1,2,4,6,8,6
148535,38,5,0,8,5,0,1,0,0,0,0,3,16
148537,237,10,11,8,15,14,21,18,29,15,25,45,26
148539,10,0,2,1,1,1,1,0,1,1,0,2,0
148540,9,1,0,0,0,0,1,0,1,0,2,3,1
148541,28,2,0,4,4,2,4,0,0,2,3,4,3
148542,25,2,1,0,3,1,1,1,1,3,6,4,2
148544,4,0,0,0,0,0,2,1,1,0,0,0,0
148592,51,4,0,2,4,1,2,2,2,11,7,7,9
148593,19,0,1,1,0,2,0,3,1,1,4,5,1
148594,12,1,2,0,0,0,0,0,1,0,0,7,1
148599,17,0,0,1,0,2,3,2,1,5,1,2,0
148600,15,0,0,0,1,1,0,1,3,0,2,3,4
148604,3,0,0,0,0,0,0,1,0,1,0,1,0
148607,34,0,2,1,3,1,3,10,6,3,5,0,0
148613,1,0,0,0,0,0,0,0,0,1,0,0,0
148614,18,4,2,3,0,1,0,0,0,1,2,2,3
148616,1,0,0,1,0,0,0,0,0,0,0,0,0
148617,20,0,0,1,1,3,0,4,4,1,2,1,3
148619,61,3,0,0,0,1,8,10,11,4,9,3,12
148672,12,2,2,1,1,0,0,0,1,1,1,2,1
148683,45,2,1,3,6,4,3,5,10,2,5,3,1
148688,5,1,0,2,0,1,0,0,0,0,0,1,0
148702,43,1,1,2,0,1,2,3,4,3,10,16,0
148707,3,0,0,2,0,0,0,0,0,1,0,0,0
148710,8,0,0,1,2,2,1,1,0,0,1,0,0
148730,1,0,0,0,0,0,0,0,1,0,0,0,0
148731,4,0,0,0,0,0,0,1,3,0,0,0,0
148734,15,1,0,0,2,2,0,0,1,3,5,1,0
148737,40,8,1,4,6,2,2,2,6,3,4,2,0
148740,39,0,1,1,1,3,1,3,0,2,6,20,1
148741,12,0,1,1,1,1,1,1,1,0,3,2,0
148748,11,0,2,1,1,1,0,1,2,1,0,2,0
148750,12,0,0,0,0,0,2,0,0,0,5,3,2
148751,45,2,2,3,5,9,3,3,10,6,2,0,0
148758,4,0,0,0,0,0,0,1,2,0,1,0,0
148766,16,2,1,1,0,0,0,1,3,2,1,4,1
148769,32,0,1,1,0,2,0,6,9,7,5,0,1
148771,2,1,0,0,0,0,0,0,0,0,0,0,1
148774,5,0,1,0,0,0,0,0,0,0,0,0,4
148781,3,0,0,0,0,0,0,1,1,0,1,0,0
148782,9,0,1,4,0,0,0,0,2,1,1,0,0
148783,3,1,0,0,0,0,0,0,0,1,1,0,0
148785,17,0,0,1,3,3,2,1,6,1,0,0,0
148786,27,0,1,0,0,1,1,5,3,3,4,3,6
148789,8,0,2,2,0,0,0,0,0,1,0,1,2
148791,35,0,0,5,3,2,3,3,5,6,6,2,0
148795,54,7,2,4,3,3,8,7,8,3,0,3,6
148798,5,0,0,1,3,0,0,1,0,0,0,0,0
148800,491,7,29,29,29,26,29,50,59,61,123,40,9
148801,85,4,0,1,8,6,9,21,10,4,7,9,6
148802,30,0,0,0,0,0,3,9,4,4,8,1,1
148804,107,4,9,13,9,9,1,9,12,10,12,9,10
148805,12,1,1,0,0,0,2,2,1,1,2,2,0
148812,8,0,0,0,0,0,1,2,2,3,0,0,0
148815,3,0,0,0,0,0,0,0,0,1,2,0,0
148816,69,10,9,5,4,3,1,2,5,4,5,6,15
148818,126,6,8,7,7,12,11,12,9,5,16,14,19
148819,16,3,1,2,0,1,2,1,2,0,1,0,3
148823,13,0,1,4,0,1,1,0,1,0,1,3,1
148831,117,6,3,8,6,5,5,9,3,11,27,28,6
148832,5,1,1,0,0,0,1,1,0,0,0,0,1
148834,11,0,0,2,2,0,3,2,2,0,0,0,0
148835,25,0,2,2,2,2,1,0,1,3,6,6,0
148837,33,0,1,2,4,5,2,3,7,5,3,1,0
148839,18,4,0,0,1,0,3,4,1,0,0,1,4
148843,5,0,0,0,0,0,0,1,0,1,3,0,0
148845,50,4,5,7,4,6,3,4,3,3,7,2,2
148849,6,1,0,0,1,0,0,1,1,2,0,0,0
148855,3,0,0,0,0,0,1,1,0,0,0,1,0
148856,146,6,6,9,9,3,10,24,38,18,10,4,9
148858,15,0,0,0,0,3,3,1,5,2,1,0,0
148860,17,0,0,1,0,0,1,2,0,0,4,8,1
148862,140,0,2,10,27,15,7,18,16,21,20,4,0
148866,31,0,0,0,0,0,4,5,19,3,0,0,0
148867,6,0,1,2,0,0,0,0,0,1,1,1,0
148871,25,4,1,2,1,0,0,0,0,0,8,8,1
148883,266,7,6,4,14,11,16,18,18,13,72,71,16
148893,5,0,0,0,0,0,0,0,1,0,0,4,0
154436,11,0,0,0,0,0,4,4,2,1,0,0,0
173418,8,0,0,0,1,1,0,3,3,0,0,0,0
174535,58,0,1,9,12,11,10,9,4,2,0,0,0
179300,25,0,0,0,0,0,0,10,3,11,1,0,0
179678,26,0,0,2,0,2,9,12,0,1,0,0,0
179855,131,9,4,11,12,3,18,14,13,15,24,7,1
181057,25,1,1,1,3,7,1,5,1,3,2,0,0
193874,67,7,1,0,5,3,9,7,5,4,3,12,11
194111,22,1,2,0,3,1,1,1,1,1,5,3,3
194335,50,3,5,11,8,2,1,0,2,4,7,6,1
196543,67,3,1,2,3,4,6,8,3,9,11,12,5
198800,46,0,0,0,0,0,5,33,6,2,0,0,0
198801,74,0,0,1,42,29,2,0,0,0,0,0,0
198803,43,0,0,0,0,0,2,41,0,0,0,0,0
198804,121,0,0,0,0,0,25,84,11,0,1,0,0
198805,51,0,0,0,0,0,8,43,0,0,0,0,0
198808,18,0,0,0,0,0,13,5,0,0,0,0,0
198815,4,0,0,0,0,4,0,0,0,0,0,0,0
198816,2,0,0,0,0,1,1,0,0,0,0,0,0
198817,13,0,0,3,5,5,0,0,0,0,0,0,0
198821,145,0,0,0,8,62,23,45,6,1,0,0,0
199292,12,0,0,1,2,3,4,1,1,0,0,0,0
199298,32,1,0,24,6,1,0,0,0,0,0,0,0
199461,37,6,4,2,2,2,0,0,1,3,3,8,6
199938,10,0,0,0,0,0,1,2,3,1,2,0,1
200624,3,0,0,1,0,0,0,1,0,0,0,1,0
202432,5,0,0,0,0,0,2,0,0,2,1,0,0
202451,224,6,6,8,6,22,33,32,31,23,26,23,8
203826,3,0,0,0,0,1,1,1,0,0,0,0,0
204096,67,0,6,7,8,9,10,14,8,3,0,2,0
204641,28,1,3,3,3,2,0,2,2,5,1,2,4
204689,75,0,0,1,0,4,16,36,9,7,1,1,0
204690,3,0,0,0,0,2,1,0,0,0,0,0,0
204691,6,0,0,0,0,0,0,0,1,0,2,3,0
204771,39,0,2,7,2,11,2,2,3,7,3,0,0
204773,14,0,0,0,3,1,3,1,1,1,2,2,0
204775,251,18,8,19,23,28,25,19,24,27,27,16,17
204779,8,0,1,0,3,1,0,0,1,1,0,1,0
204814,16,0,0,1,0,1,3,2,3,6,0,0,0
204855,2,0,1,0,0,0,1,0,0,0,0,0,0
205140,71,1,1,7,7,8,8,9,3,5,16,2,4
205152,59,2,1,3,3,3,2,0,1,1,8,29,6
205153,61,0,0,0,3,55,3,0,0,0,0,0,0
205174,26,1,0,2,1,0,4,5,5,3,3,1,1
205859,6,0,0,0,0,0,1,1,2,2,0,0,0
205905,3,0,1,1,0,0,0,0,1,0,0,0,0
209718,52,0,0,0,2,2,9,19,17,3,0,0,0
209719,5,0,0,1,4,0,0,0,0,0,0,0,0
209721,18,0,0,0,0,2,6,8,2,0,0,0,0
209725,41,0,0,0,1,1,16,20,3,0,0,0,0
209733,39,0,0,0,0,0,17,21,1,0,0,0,0
209741,27,0,0,0,1,4,3,6,6,6,1,0,0
210423,81,0,4,37,30,10,0,0,0,0,0,0,0
210814,11,0,1,1,3,0,6,0,0,0,0,0,0
212312,31,0,3,2,6,1,6,2,1,1,4,2,3
212511,3,0,0,0,0,0,0,1,0,2,0,0,0
212709,2,0,0,0,1,0,0,0,0,0,1,0,0
213331,44,0,0,1,4,5,0,12,14,5,3,0,0
213332,17,0,0,0,4,3,1,4,5,0,0,0,0
213333,1,0,0,0,1,0,0,0,0,0,0,0,0
213334,4,0,0,0,0,0,0,3,1,0,0,0,0
213335,4,0,0,0,0,0,2,0,2,0,0,0,0
213336,16,0,0,0,2,2,5,1,6,0,0,0,0
213338,35,0,0,1,0,11,17,4,2,0,0,0,0
213340,1,0,0,0,0,1,0,0,0,0,0,0,0
213341,57,1,1,2,10,11,10,4,6,8,4,0,0
213343,18,0,0,0,1,1,5,7,1,3,0,0,0
213345,4,0,0,0,2,2,0,0,0,0,0,0,0
213959,44,0,2,6,1,1,7,11,2,5,2,4,3
214375,59,7,6,3,7,4,3,10,2,2,7,3,5
214593,4,0,0,0,0,0,3,0,1,0,0,0,0
214595,9,0,0,0,1,4,0,0,3,1,0,0,0
214596,7,0,0,0,2,0,2,0,0,1,2,0,0
214598,6,0,0,1,4,1,0,0,0,0,0,0,0
214669,32,0,0,0,9,8,2,1,4,3,5,0,0
214670,45,0,0,0,0,8,26,8,2,1,0,0,0
215450,23,1,2,1,4,6,0,2,0,1,0,3,3
215770,1,0,0,0,1,0,0,0,0,0,0,0,0
215771,18,0,0,12,0,5,0,1,0,0,0,0,0
215772,29,0,0,0,8,18,3,0,0,0,0,0,0
217283,15,0,0,0,2,1,4,1,5,2,0,0,0
217284,1,0,0,0,0,0,1,0,0,0,0,0,0
217305,6,0,0,0,1,1,0,3,1,0,0,0,0
217391,2,0,0,0,0,0,1,1,0,0,0,0,0
217392,1,0,0,0,0,0,0,1,0,0,0,0,0
217395,2,0,0,0,0,0,0,1,1,0,0,0,0
217396,15,0,0,0,0,0,6,7,2,0,0,0,0
217398,1,0,0,0,0,0,0,1,0,0,0,0,0
217940,4,0,0,0,0,0,1,0,0,2,1,0,0
217941,4,0,0,0,0,1,2,0,0,0,0,0,1
218000,18,7,2,0,1,0,0,0,4,2,0,0,2
218185,10,0,1,1,1,0,0,0,0,0,1,6,0
218965,13,1,1,2,1,2,1,2,2,0,1,0,0
219291,16,1,9,4,0,0,0,0,0,0,1,1,0
219488,12,1,1,1,6,0,1,0,1,1,0,0,0
219496,6,0,1,2,0,0,2,1,0,0,0,0,0
219497,11,0,0,2,3,4,1,1,0,0,0,0,0
219499,11,1,1,0,1,1,3,1,1,1,1,0,0
219772,8,0,0,0,0,0,0,4,3,1,0,0,0
219773,2,0,0,0,0,0,0,0,1,1,0,0,0
219774,2,0,0,0,0,0,0,1,1,0,0,0,0
219781,13,0,0,0,0,0,0,4,0,3,6,0,0
219783,3,0,0,0,1,0,0,0,1,1,0,0,0
219784,3,0,1,0,0,0,0,1,0,0,1,0,0
221221,5,0,0,2,0,0,0,0,2,1,0,0,0
221224,5,0,0,0,1,1,0,2,0,1,0,0,0
221225,3,0,0,0,0,0,1,2,0,0,0,0,0
221226,23,0,0,3,8,3,0,0,2,3,4,0,0
221227,6,0,0,0,0,0,0,1,0,0,5,0,0
221258,7,0,0,0,2,0,0,1,1,1,0,1,1
221259,10,0,0,2,5,0,0,0,0,2,1,0,0
221964,17,0,0,0,0,0,3,7,6,1,0,0,0
223527,21,3,4,1,1,0,2,1,0,1,3,4,1
224166,10,0,0,0,0,0,2,8,0,0,0,0,0
224167,11,0,0,0,0,0,0,7,4,0,0,0,0
224543,3,0,0,0,2,0,1,0,0,0,0,0,0
224544,16,0,1,6,5,1,0,0,0,0,3,0,0
225163,52,0,1,0,2,7,6,14,12,4,5,0,1
225459,2,0,1,0,0,0,0,1,0,0,0,0,0
225692,5,0,0,0,0,0,3,0,0,0,2,0,0
226070,4,0,0,0,0,1,0,3,0,0,0,0,0
226071,12,0,0,0,0,0,1,8,3,0,0,0,0
226361,26,0,2,2,6,2,4,1,3,4,2,0,0
226902,43,3,3,4,1,0,1,2,4,5,6,10,4
226950,3,0,0,0,2,1,0,0,0,0,0,0,0
226951,7,0,0,0,0,1,2,0,1,0,3,0,0
227114,7,0,0,0,0,0,0,2,5,0,0,0,0
227264,19,0,0,0,0,0,1,14,4,0,0,0,0
228118,8,0,0,0,0,0,7,1,0,0,0,0,0
228154,14,0,0,0,0,1,0,3,10,0,0,0,0
228155,6,0,0,0,1,4,0,0,0,1,0,0,0
228426,13,0,1,0,0,2,2,0,0,2,6,0,0
228491,16,4,3,0,5,0,0,2,1,0,1,0,0
228492,2,0,0,0,0,0,0,1,1,0,0,0,0
228493,3,0,0,0,0,0,2,1,0,0,0,0,0
229679,7,0,0,0,0,0,5,2,0,0,0,0,0
229680,1,0,0,0,0,0,1,0,0,0,0,0,0
229681,53,4,2,1,2,3,1,14,14,5,4,0,3
230441,83,0,0,1,32,42,5,3,0,0,0,0,0
230442,3,0,0,0,0,0,0,1,2,0,0,0,0
230444,5,0,0,0,1,3,0,0,1,0,0,0,0
230445,6,0,0,0,0,0,4,2,0,0,0,0,0
231838,8,2,1,1,3,0,0,0,0,1,0,0,0
232577,16,0,0,0,5,4,0,5,2,0,0,0,0
232578,2,0,0,0,0,0,0,0,1,0,1,0,0
245945,9,0,0,0,2,2,0,2,1,0,0,2,0
245995,12,0,0,1,0,2,2,0,0,0,1,2,4
246087,10,1,1,1,1,2,1,0,0,0,1,2,0
256363,2,0,0,0,0,1,0,1,0,0,0,0,0
256367,3,0,0,0,0,0,0,1,2,0,0,0,0
256369,20,0,0,0,0,0,1,5,7,4,3,0,0
256372,2,0,1,0,0,0,0,0,0,0,0,0,1
256377,1,1,0,0,0,0,0,0,0,0,0,0,0
257433,2,0,0,0,0,0,0,2,0,0,0,0,0
257436,4,0,0,0,1,0,1,1,1,0,0,0,0
257448,2,0,0,0,0,0,2,0,0,0,0,0,0
257472,2,0,0,0,0,0,0,0,0,0,0,2,0
257475,43,5,2,4,2,7,0,2,3,2,3,9,4
257499,3,0,0,0,0,1,0,0,0,0,2,0,0
257513,2,0,0,1,0,0,0,0,0,1,0,0,0
257516,24,4,1,0,3,0,0,0,0,0,0,7,9
257520,1,0,0,0,0,0,0,0,0,0,0,0,1
257534,3,0,0,0,0,0,0,0,0,0,0,3,0
257559,4,0,0,1,1,0,0,0,1,0,0,0,1
257562,4,0,0,0,0,0,0,1,1,1,0,1,0
257564,1,1,0,0,0,0,0,0,0,0,0,0,0
257566,3,0,0,0,0,0,0,1,0,0,1,1,0
257576,32,2,4,5,3,5,0,0,0,1,1,4,7
257577,1,0,0,0,0,0,0,1,0,0,0,0,0
257579,4,1,2,1,0,0,0,0,0,0,0,0,0
257580,5,0,0,0,0,0,0,0,0,3,1,1,0
257592,1,0,0,0,0,0,0,0,0,0,0,1,0
257606,2,0,0,0,0,0,0,0,1,1,0,0,0
257607,5,0,1,0,1,1,0,0,1,0,0,0,1
257621,7,1,0,0,1,0,0,1,1,1,1,1,0
257625,2,0,0,1,0,0,0,0,0,0,0,0,1
257631,6,1,0,0,0,0,1,1,0,1,1,1,0
257633,2,0,0,0,0,0,2,0,0,0,0,0,0
257634,51,0,0,1,0,1,5,5,20,14,3,1,1
257635,22,0,0,0,1,0,1,7,7,5,0,1,0
257636,35,2,4,1,2,2,1,0,3,4,3,6,7
257639,1,1,0,0,0,0,0,0,0,0,0,0,0
257643,2,0,1,0,0,0,0,0,0,0,0,1,0
257648,6,0,0,1,0,1,1,0,1,0,1,1,0
257651,3,0,0,0,0,1,1,0,0,0,0,1,0
257673,19,0,4,3,1,2,4,1,1,0,1,0,2
257675,8,0,0,1,0,0,0,3,0,0,1,3,0
257676,4,1,0,1,0,0,0,0,0,0,0,2,0
257679,4,0,0,0,0,0,0,3,0,1,0,0,0
257683,7,0,0,0,0,0,3,0,1,1,1,1,0
257689,3,0,0,1,0,1,1,0,0,0,0,0,0
257691,6,0,0,0,0,2,0,0,0,3,1,0,0
257694,1,0,0,0,0,0,1,0,0,0,0,0,0
257699,1,0,0,0,0,0,0,0,1,0,0,0,0
257700,4,0,0,0,0,2,1,1,0,0,0,0,0
257707,78,3,3,7,10,3,3,7,4,6,9,10,13
257708,2,0,0,0,0,0,0,0,1,1,0,0,0
257715,2,1,0,0,0,1,0,0,0,0,0,0,0
257717,19,1,0,0,2,1,0,4,3,1,2,5,0
257718,10,0,0,1,5,0,1,1,2,0,0,0,0
257720,3,0,0,0,0,1,1,0,0,0,0,1,0
257724,42,2,0,2,1,8,3,10,4,5,3,2,2
257725,8,0,0,0,0,2,0,0,0,1,3,1,1
257726,12,0,0,1,1,0,1,3,1,0,3,2,0
257741,9,0,0,0,0,0,0,0,2,2,1,3,1
257744,2,0,0,0,1,0,0,0,1,0,0,0,0
257748,21,0,0,3,0,2,1,5,1,3,2,3,1
257749,3,0,0,0,0,0,0,0,2,0,0,0,1
257753,4,0,1,1,0,0,0,0,0,1,0,0,1
257758,2,0,1,0,0,0,0,0,0,0,0,1,0
257761,74,1,5,3,6,5,1,7,7,9,7,16,7
257762,7,0,0,0,0,0,0,4,1,0,2,0,0
257766,10,1,0,0,1,0,0,2,4,0,1,0,1
257768,10,0,0,1,0,1,3,1,2,1,0,1,0
257771,1,0,0,0,0,0,1,0,0,0,0,0,0
257773,3,0,0,0,0,0,1,0,0,1,0,0,1
257783,16,1,0,4,0,1,0,1,2,0,2,1,4
257785,6,1,0,1,0,2,1,0,0,0,1,0,0
257787,2,0,0,0,0,0,0,0,0,0,0,0,2
257791,2,0,0,0,0,0,0,0,0,1,0,0,1
257794,14,0,0,2,0,1,0,4,3,0,1,2,1
257795,16,0,1,0,0,0,1,7,3,0,1,2,1
257796,2,0,0,0,0,0,0,0,1,1,0,0,0
257798,4,1,0,1,0,0,0,0,0,0,0,2,0
257806,10,0,0,1,1,0,0,2,0,2,1,1,2
257810,6,0,0,1,0,0,0,2,1,1,0,0,1
257817,55,1,4,1,3,3,1,7,4,14,8,6,3
257819,8,0,0,1,0,0,0,1,1,2,1,0,2
257820,2,0,0,0,0,0,0,0,0,2,0,0,0
257822,1,0,0,0,0,0,0,1,0,0,0,0,0
257824,15,0,0,0,0,1,0,0,3,1,10,0,0
257859,1,0,0,0,0,0,0,0,0,1,0,0,0
257865,11,1,1,0,3,1,1,0,3,0,1,0,0
257913,4,0,0,0,0,0,0,0,0,0,1,2,1
257925,6,0,0,0,0,0,3,2,1,0,0,0,0
257932,89,10,2,9,8,5,7,8,12,11,7,2,8
257933,4,0,0,1,0,1,0,1,0,1,0,0,0
257934,4,1,0,0,1,0,0,0,1,1,0,0,0
257937,4,0,1,0,1,0,0,0,0,2,0,0,0
257938,2,0,0,0,0,0,0,2,0,0,0,0,0
257939,12,6,1,0,2,0,1,2,0,0,0,0,0
257940,1,0,0,0,0,0,0,0,0,0,0,0,1
257945,11,0,0,1,1,1,0,0,1,1,5,1,0
257967,6,0,0,0,1,0,0,4,0,1,0,0,0
257968,2,0,0,0,0,0,0,0,1,1,0,0,0
257969,2,0,0,0,0,0,0,0,1,1,0,0,0
257992,1,0,0,0,0,0,1,0,0,0,0,0,0
258013,5,0,0,0,1,0,2,1,0,0,0,0,1
258028,1,0,1,0,0,0,0,0,0,0,0,0,0
258048,2,0,0,0,0,0,0,0,0,2,0,0,0
258065,6,0,0,0,1,1,1,0,1,1,1,0,0
258067,2,0,0,0,1,1,0,0,0,0,0,0,0
258080,17,1,1,5,1,0,1,1,0,3,1,1,2
258094,1,1,0,0,0,0,0,0,0,0,0,0,0
258145,9,0,0,0,1,1,0,5,1,1,0,0,0
258146,30,0,0,0,2,2,3,6,6,4,1,5,1
258150,2,0,0,0,0,0,0,2,0,0,0,0,0
258168,3,1,0,0,1,0,1,0,0,0,0,0,0
258170,14,0,0,2,0,2,1,4,1,2,2,0,0
258176,13,0,0,0,1,2,0,0,6,2,2,0,0
258178,5,1,0,1,0,0,0,1,1,1,0,0,0
258181,8,0,0,0,1,1,2,0,0,2,1,0,1
258185,30,4,0,1,1,1,0,0,3,3,8,3,6
258187,1,0,0,0,0,0,0,1,0,0,0,0,0
258189,29,6,5,4,4,0,1,2,1,1,2,1,2
258197,5,0,0,0,0,1,0,1,2,1,0,0,0
258200,62,0,0,1,5,3,25,22,4,2,0,0,0
258211,29,0,0,2,2,0,0,3,1,3,6,12,0
258214,6,0,0,0,0,1,0,1,1,1,2,0,0
258215,7,0,0,0,1,0,1,1,1,0,3,0,0
258230,11,1,1,0,0,0,4,1,0,1,1,1,1
258232,1,0,0,0,0,0,0,0,0,0,0,1,0
258233,1,0,0,0,0,0,0,0,0,0,0,0,1
258255,3,0,0,0,0,0,0,3,0,0,0,0,0
258260,2,1,0,0,0,1,0,0,0,0,0,0,0
258261,3,1,1,0,0,0,0,0,1,0,0,0,0
258330,1,0,1,0,0,0,0,0,0,0,0,0,0
258353,4,0,1,0,0,0,1,1,0,1,0,0,0
258363,3,0,0,0,0,1,0,0,1,1,0,0,0
258366,1,0,0,0,0,0,0,0,1,0,0,0,0
258370,8,1,0,0,0,0,0,0,0,0,0,3,4
258374,3,0,0,0,0,0,1,0,1,1,0,0,0
258377,1,0,0,0,0,0,0,0,0,0,1,0,0
258382,2,0,1,0,0,1,0,0,0,0,0,0,0
258384,1,0,0,0,0,0,0,0,0,1,0,0,0
258387,3,1,0,0,0,0,1,0,0,0,0,0,1
258389,3,0,0,0,0,0,0,0,0,0,1,2,0
258390,5,0,0,1,1,0,0,0,1,0,1,0,1
258391,1,0,0,0,0,0,0,0,0,1,0,0,0
258407,3,2,0,0,0,1,0,0,0,0,0,0,0
258443,1,0,0,0,0,0,0,0,0,0,0,1,0
258445,1,0,0,0,0,0,0,0,0,0,1,0,0
258670,1,0,0,0,0,0,1,0,0,0,0,0,0
258672,19,0,0,1,0,1,3,1,4,2,2,2,3
293376,2,0,0,0,0,0,0,1,1,0,0,0,0
293859,4,2,0,0,0,0,0,0,1,0,0,0,1
293871,3,0,0,1,0,0,0,0,0,2,0,0,0
293881,3,1,1,0,1,0,0,0,0,0,0,0,0
293898,2,0,0,0,0,0,0,0,1,1,0,0,0
293902,8,0,0,0,0,0,0,2,3,2,0,1,0
293905,14,0,1,0,0,0,3,3,3,1,3,0,0
293912,5,0,0,1,0,1,0,1,1,0,0,0,1
293920,30,0,0,0,4,3,7,7,4,3,1,1,0
293953,2,0,0,0,0,0,0,0,0,2,0,0,0
293954,18,2,0,1,0,0,3,2,0,1,0,3,6
293968,2,0,0,1,0,0,0,1,0,0,0,0,0
293980,7,0,2,0,0,2,0,0,0,0,3,0,0
293982,1,0,0,0,0,0,0,0,0,0,0,0,1
293995,1,0,0,0,0,0,0,0,1,0,0,0,0
293998,9,2,0,0,0,0,0,2,1,2,1,1,0
294004,3,0,0,0,0,0,0,0,0,1,0,2,0
294005,2,0,0,1,0,0,0,0,0,0,0,1,0
294011,12,4,0,1,1,2,2,2,0,0,0,0,0
294015,45,10,3,8,1,4,6,7,1,0,2,3,0
321587,4,0,0,2,0,0,0,0,0,1,0,0,1
322330,3,0,0,0,2,1,0,0,0,0,0,0,0
335110,2,1,0,0,0,0,0,0,0,0,0,1,0
346970,183,0,4,92,71,9,6,1,0,0,0,0,0
346978,16,0,3,4,1,2,4,0,1,0,1,0,0
347790,17,0,0,2,0,2,0,1,2,7,2,0,1
349726,1,0,0,0,1,0,0,0,0,0,0,0,0
354946,13,0,0,0,1,0,2,2,1,4,3,0,0
362136,13,0,2,0,2,2,2,0,1,2,1,0,1
366191,3,0,0,0,1,0,0,1,0,1,0,0,0
367948,42,0,0,0,0,0,9,25,6,2,0,0,0
429276,4,0,0,0,0,0,0,0,0,1,1,2,0
47226,1295,0,19,53,151,149,347,355,144,59,15,3,0
474836,1,0,0,0,0,0,0,0,1,0,0,0,0
475232,3,0,0,0,0,0,1,0,1,0,0,0,1
480666,1,0,0,0,0,0,0,0,0,0,0,1,0
483726,13,0,0,0,0,0,3,8,2,0,0,0,0
484122,29,0,0,0,0,3,15,8,2,1,0,0,0
485087,4,0,0,2,1,1,0,0,0,0,0,0,0
48550,1797,37,42,39,72,48,60,118,325,408,470,117,61
48578,209,18,14,16,6,3,13,38,40,16,24,6,15
486403,12,1,0,0,0,0,0,0,1,4,4,1,1
49759,655,37,36,45,43,54,41,69,61,61,124,50,34
49972,3515,22,58,261,576,423,349,427,499,418,384,73,25
50071,705,1,12,32,76,79,96,164,119,92,31,3,0
50072,1433,5,21,56,60,94,143,226,432,253,121,17,5
50075,85,10,8,7,15,5,11,9,5,3,5,5,2
50340,3973,27,38,127,225,202,273,490,665,891,779,214,42
50931,3781,27,90,108,474,383,382,465,556,691,529,68,8
509478,4,0,0,0,0,1,0,0,0,0,2,1,0
509480,262,6,10,8,36,33,18,31,32,30,34,18,6
509626,3,0,0,0,0,0,0,1,0,1,1,0,0
509627,794,5,6,36,81,45,69,93,129,143,145,28,14
509629,14,0,0,1,0,1,4,4,3,0,0,1,0
509631,117,4,2,9,11,6,15,13,12,14,10,8,13
51097,1459,2,35,139,235,258,245,194,142,119,71,18,1
51311,410,25,28,20,13,14,12,32,57,51,77,48,33
51349,1114,2,15,44,91,53,100,138,151,212,246,56,6
51534,351,33,36,31,37,32,35,19,16,19,38,33,22
51536,728,61,44,34,80,63,69,89,74,50,49,68,47
51765,1184,0,8,47,218,218,125,98,73,226,145,24,2
51773,1158,29,40,61,145,115,99,81,88,109,203,151,37
517964,1,0,0,0,0,0,1,0,0,0,0,0,0
520381,2,0,0,0,0,1,0,0,1,0,0,0,0
520392,18,0,0,3,1,4,2,4,2,1,1,0,0
520398,108,0,0,0,5,4,44,49,5,1,0,0,0
520407,15,0,0,0,0,0,1,11,3,0,0,0,0
520456,1010,1,12,62,78,187,196,192,141,85,52,4,0
520457,314,0,2,19,81,59,59,76,17,1,0,0,0
52075,1807,2,4,50,82,76,114,177,387,534,316,57,8
52484,881,5,60,137,142,197,209,56,47,15,11,2,0
52773,949,0,0,5,40,183,102,116,451,48,4,0,0
53843,1043,16,31,55,77,53,71,109,125,180,196,108,22
53866,274,4,2,0,6,5,14,22,33,45,74,63,6
54009,60,0,0,0,2,1,12,28,13,4,0,0,0
54024,75,0,0,0,4,31,33,7,0,0,0,0,0
54081,13,0,0,0,2,6,5,0,0,0,0,0,0
55521,688,0,3,48,105,153,229,124,20,2,4,0,0
55626,5278,52,135,466,446,485,782,844,784,702,421,123,38
55641,765,0,0,0,34,111,132,172,162,115,33,6,0
55655,1021,3,1,23,69,116,152,208,164,187,86,10,2
55785,155,0,0,0,6,59,81,9,0,0,0,0,0
56243,1,0,0,0,0,0,1,0,0,0,0,0,0
56529,626,0,1,20,72,74,87,135,109,89,25,13,1
56776,578,1,20,136,102,96,197,25,0,0,0,0,1
57463,509,0,0,0,2,62,358,66,20,1,0,0,0
58468,80,0,0,0,0,0,1,16,55,8,0,0,0
58469,343,0,2,32,54,47,150,41,9,7,1,0,0
58472,68,0,0,2,5,10,25,18,4,3,1,0,0
58473,126,0,0,0,4,61,57,3,1,0,0,0,0
58474,69,0,0,16,32,19,2,0,0,0,0,0,0
58475,347,0,14,56,74,148,49,2,2,2,0,0,0
58476,1,0,0,0,0,0,1,0,0,0,0,0,0
58477,24,0,0,0,0,10,0,14,0,0,0,0,0
58478,414,0,0,1,37,35,23,105,137,69,7,0,0
58479,249,0,0,2,12,22,19,73,96,21,2,2,0
58481,846,5,2,3,9,40,196,161,281,113,35,1,0
58484,632,0,0,0,0,5,294,301,30,2,0,0,0
58495,66,0,0,0,0,0,0,0,28,38,0,0,0
58505,32,0,0,0,0,3,3,17,6,3,0,0,0
58506,187,0,0,0,3,10,41,49,58,23,3,0,0
58507,594,0,0,0,0,96,453,42,3,0,0,0,0
58508,33,0,0,0,0,0,3,30,0,0,0,0,0
58509,270,0,0,0,6,8,28,158,48,21,1,0,0
58510,107,0,0,0,1,2,10,79,14,1,0,0,0
58511,160,0,0,0,4,8,11,70,41,13,11,2,0
58513,210,0,0,0,0,4,86,117,3,0,0,0,0
58514,707,0,0,24,76,28,74,302,133,44,24,2,0
58516,43,0,0,1,5,23,14,0,0,0,0,0,0
58518,71,0,0,2,4,25,30,8,2,0,0,0,0
58519,232,0,0,0,4,12,87,86,36,4,3,0,0
58521,46,0,0,0,0,1,10,22,8,4,1,0,0
58522,31,0,0,0,0,0,1,30,0,0,0,0,0
58523,3631,18,61,142,352,408,407,669,788,533,193,36,24
58525,1682,1,8,31,96,196,178,389,553,194,32,3,1
58527,29,0,0,5,10,12,2,0,0,0,0,0,0
58531,824,2,4,8,13,32,67,142,152,245,127,32,0
58532,2300,34,84,115,226,147,188,255,275,334,493,126,23
58534,225,0,0,0,0,3,45,46,51,62,18,0,0
58536,49,0,0,0,0,0,0,33,15,1,0,0,0
58539,302,0,0,0,5,25,122,139,11,0,0,0,0
58541,125,0,0,0,0,6,21,86,11,1,0,0,0
58543,369,0,12,70,105,120,58,2,0,1,1,0,0
58550,142,1,0,5,40,81,15,0,0,0,0,0,0
58556,218,0,2,26,99,70,20,0,0,0,1,0,0
59118,33,1,3,13,10,1,4,1,0,0,0,0,0
59119,1422,12,33,88,256,209,236,234,134,82,76,50,12
59120,88,0,0,15,20,29,24,0,0,0,0,0,0
59123,76,0,0,0,1,7,28,24,15,1,0,0,0
59124,569,5,91,157,203,87,22,3,0,0,1,0,0
59125,106,0,0,0,1,31,65,9,0,0,0,0,0
59126,135,0,0,0,4,74,48,8,0,1,0,0,0
59127,140,1,0,2,5,6,16,18,41,24,25,2,0
59128,448,9,20,28,41,49,20,31,36,67,115,26,6
59134,94,0,0,0,1,38,27,26,2,0,0,0,0
59135,17,0,0,1,1,6,9,0,0,0,0,0,0
59136,54,0,0,1,0,13,34,6,0,0,0,0,0
59138,198,0,0,0,6,58,71,53,10,0,0,0,0
59144,43,0,0,1,3,4,15,13,7,0,0,0,0
59152,1081,7,11,20,69,171,170,178,157,124,88,68,18
59153,53,0,20,26,6,1,0,0,0,0,0,0,0
59159,112,0,0,0,3,53,54,1,0,1,0,0,0
59160,1,0,0,0,0,0,1,0,0,0,0,0,0
59165,139,1,3,5,5,5,4,5,39,46,26,0,0
59187,206,0,4,62,67,45,21,5,2,0,0,0,0
59188,678,4,30,95,181,106,84,44,39,39,44,9,3
59189,348,0,10,31,35,35,48,46,56,68,18,1,0
59190,218,0,0,4,20,38,24,32,36,34,30,0,0
59192,126,1,0,4,2,12,20,31,22,20,14,0,0
59193,19,0,0,0,4,11,2,0,0,2,0,0,0
59194,688,0,0,0,1,9,8,85,340,206,37,1,1
59195,511,4,8,14,17,18,24,50,85,88,132,66,5
60551,4809,2,19,224,428,452,512,1122,1516,468,58,6,2
60896,142,0,0,11,48,56,26,1,0,0,0,0,0
62500,469,13,12,22,23,24,27,35,42,51,110,65,45
62587,4,0,0,0,0,1,1,2,0,0,0,0,0
62974,1,0,0,0,0,0,0,0,0,0,0,1,0
67324,268,21,21,18,14,13,29,24,34,16,21,30,27
67435,822,29,14,13,14,8,24,49,111,149,265,97,49
67653,483,18,17,18,18,23,43,43,35,61,102,67,38
68232,383,2,5,38,59,29,34,39,82,63,27,5,0
68239,110,0,0,0,0,1,28,55,24,2,0,0,0
68263,779,7,11,44,70,93,109,115,124,112,61,23,10
68265,20,0,0,0,1,4,9,3,3,0,0,0,0
68275,254,23,7,18,15,23,25,37,34,22,24,14,12
68279,59,0,0,0,0,0,13,25,15,6,0,0,0
68281,7,0,0,0,0,0,2,3,0,2,0,0,0
69743,187,2,7,7,14,25,26,11,20,34,27,13,1
69824,77,0,0,0,0,0,17,25,28,7,0,0,0
69844,179,0,19,93,60,7,0,0,0,0,0,0,0
69852,8,0,0,4,2,1,1,0,0,0,0,0,0
69863,67,3,5,1,4,1,3,9,18,10,7,1,5
69940,882,41,22,33,40,56,72,94,112,119,158,98,37
69942,69,8,10,12,16,8,1,1,2,2,3,4,2
81559,2791,0,5,28,92,227,499,815,771,304,45,5,0
81566,70,0,0,0,0,0,33,36,1,0,0,0,0
81724,10,0,0,0,0,0,6,2,1,1,0,0,0
81726,2,0,0,0,0,1,1,0,0,0,0,0,0
81727,993,20,18,28,70,91,77,98,166,144,154,96,31
81729,161,0,0,2,9,25,40,45,34,4,2,0,0
81732,90,2,8,1,13,4,10,8,14,4,5,4,17
81734,92,0,0,0,0,2,4,32,38,16,0,0,0
81967,108,0,0,6,26,33,34,9,0,0,0,0,0
82481,333,2,61,97,59,36,38,24,14,2,0,0,0
82482,23,0,2,2,2,1,3,2,2,4,0,0,5
82792,599,0,3,4,4,31,117,205,160,69,5,1,0
82793,3,0,0,0,0,0,2,1,0,0,0,0,0
83086,532,0,5,43,115,71,129,85,60,19,5,0,0
83543,58,0,0,7,20,9,10,12,0,0,0,0,0
84239,656,3,34,118,142,97,89,95,30,40,8,0,0
84662,126,0,0,0,14,58,24,20,6,1,3,0,0
85024,1,0,0,0,0,0,0,0,0,1,0,0,0
85026,118,11,4,10,12,14,7,11,17,11,4,13,4
